,air_genre_name,air_genre_name0,visitors,store,visit_per_store,cummulative_visitsperstore
0,Steak/Hamburger/Curry,12,130075,1,130075.0,0.2947248134539721
1,Seafood,4,70622,1,70622.0,0.45474061799555515
2,Japanese food in general,8,38702,1,38702.0,0.5424318709672686
3,Japanese style,13,29948,1,29948.0,0.6102882516193505
4,Italian,4,73021,3,24340.333333333332,0.6654387432670473
5,Seafood,7,43048,2,21524.0,0.7142079678281336
6,Japanese style,8,50632,3,16877.333333333332,0.7524487436748926
7,Okonomiyaki/Monja/Teppanyaki,10,16610,1,16610.0,0.7900837938495646
